[{"Price":[{"content":"저축한 금액이 10,000원 달성","condition":10000,"img":"./images/achieve_3_color.png"},{"content":"저축한 금액이 100,000원 달성","condition":100000,"img":"./images/achieve_4_color.png"},{"content":"저축한 금액이 500,000원 달성","condition":500000,"img":"./images/500000.png"},{"content":"저축한 금액이 1,000,000원 달성","condition":1000000,"img":"./images/achieve_5_color.png"}]},{"Day":[{"content":"금연을 시작한지 일주일 달성","condition":7,"img":"./images/achieve_6_color.png"},{"content":"금연을 시작한지 보름 달성","condition":15,"img":"./images/achieve_7_color.png"},{"content":"금연을 시작한지 한달 달성","condition":30,"img":"./images/achieve_8_color.png"}]},{"Count":[{"content":"피우지 않은 담배 100개비 달성","condition":100,"img":"./images/achieve_13.png"},{"content":"피우지 않은 담배 1000개비 달성","condition":1000,"img":"./images/achieve_13_color.png"}]}]