[
  {
    "stage": "1단계",
    "goal": "20분",
    "min": 20,
    "stageTxt": "혈압, 맥박 수, 손과 발의 체온 등이 정상으로 돌아온다."
  },
  {
    "stage": "2단계",
    "goal": "8시간",
    "min": 480,
    "stageTxt": "혈류의 니코틴 수치가 가장 높을 때에 비해 93.75% 제거되어 6.25%로 감소한다."
  },
  {
    "stage": "3단계",
    "goal": "12시간",
    "min": 720,
    "stageTxt": "혈중 산소량이 정상 수준으로 상승하고 일산화탄소량이 정상 수준으로 감소한다."
  },
  {
    "stage": "4단계",
    "goal": "24시간",
    "min": 1440,
    "stageTxt": "불안의 강도가 정점을 찍었다가 2주 정도 후에 금연 이전으로 회복된다."
  },
  {
    "stage": "5단계",
    "goal": "48시간",
    "min": 2880,
    "stageTxt": "손상된 신경 말단이 회복되기 시작하며 후각, 미각이 정상으로 돌아오기 시작. 금연으로 인한 분노, 신경과민이 정점을 찍는다."
  },
  {
    "stage": "6단계",
    "goal": "72시간",
    "min": 4320,
    "stageTxt": "니코틴 검사에서 니코틴이 100% 없는 것으로 나타나고 니코틴 대사 산물 중 90%가 소변을 통해 제거된다. 차분함을 잃는 등 금단 현상이 정점을 찍는다. 평균적인 흡연량을 가졌던 금연자의 경우, 하루에 강렬한 흡연 욕구를 느끼는 횟수가 금연 기간을 통틀어 정점을 찍는다. 폐포로 이어지는 기관지가 편안해지기 시작한다. 호흡이 쉬워지고 폐의 기능이 향상되기 시작한다."
  },
  {
    "stage": "7단계",
    "goal": "5~8일",
    "min": 11520,
    "stageTxt": "평균적인 흡연량을 가졌던 금연자의 경우 하루에 평균적으로 3번 정도 강렬한 흡연 욕구를 느낀다. 몇 분이 몇 시간처럼 느껴지겠지만 사실 한 번의 강렬한 흡연 욕구는 3분을 넘기지 못한다. 시계나 휴대폰의 타이머 기능을 활용하여 3분을 버텨보는 것이 좋다."
  },
  {
    "stage": "8단계",
    "goal": "10일",
    "min": 14400,
    "stageTxt": "평균적인 흡연량을 가졌던 금연자의 경우 하루에 2번 정도 강렬한 흡연 욕구를 느끼며, 한 번당 3분 이하다."
  },
  {
    "stage": "9단계",
    "goal": "10일~2주",
    "min": 20160,
    "stageTxt": "회복이 상당히 진행되어 중독 증세로 괴롭지 않은 지점에 도달. 잇몸과 치아의 혈액순환이 비흡연자와 비슷한 수준이 된다."
  },
  {
    "stage": "10단계",
    "goal": "2~4주",
    "min": 40320,
    "stageTxt": "금단현상인 분노, 불안, 집중력 감소, 초조, 불면증, 차분하지 못함, 우울이 끝난다. 이러한 증상들이 여전히 느껴진다면 의사를 찾아야 한다."
  },
  {
    "stage": "11단계",
    "goal": "1달",
    "min": 43200,
    "stageTxt": "대뇌부터 변연계까지 뇌 전반에 걸쳐 니코틴 양에 맞춰 증가했던(up-regulated) 니코틴 수용체의 수가 감소하여 비흡연자와 비슷한 수준이 된다."
  },
  {
    "stage": "12단계",
    "goal": "2주~1달",
    "min": 43200,
    "stageTxt": "심장마비가 올 확률이 감소한다. 폐 기능이 향상되기 시작한다."
  },
  {
    "stage": "13단계",
    "goal": "3주~3달",
    "min": 129600,
    "stageTxt": "순환 기능이 실질적으로 향상된다. 걷기가 편해진다. 만성적인 기침이 있었다면 사라진다. 사라지지 않는다면 가능한 한 빨리 의사를 만나도록. 폐암의 징조일 수 있으니."
  },
  {
    "stage": "14단계",
    "goal": "6개월",
    "min": 259200,
    "stageTxt": "평균적으로 2.7kg의 체중 증가가 있겠지만 인슐린 저항성은 오히려 정상으로 돌아온다."
  },
  {
    "stage": "15단계",
    "goal": "1달~9달",
    "min": 388800,
    "stageTxt": "흡연으로 인한 코막힘, 피로감, 숨 찬 증상들이 사라진다. 폐의 섬모가 다시 자라나 가래 등을 잘 처리하고 폐를 깨끗이 유지하고 감염을 방지한다. 전체적인 체력이 증가한다."
  },
  {
    "stage": "16단계",
    "goal": "1년",
    "min": 525600,
    "stageTxt": "심혈관계통 질환 위험이 흡연자의 절반으로 감소한다."
  },
  {
    "stage": "17단계",
    "goal": "2년",
    "min": 1051200,
    "stageTxt": "흡연으로 폐에 쌓였던 가래가 완전히 빠져나간다."
  },
  {
    "stage": "18단계",
    "goal": "5~10년",
    "min": 5256000,
    "stageTxt": "뇌졸중에 걸릴 위험이 비흡연자와 비슷해진다."
  },
  {
    "stage": "19단계",
    "goal": "10년",
    "min": 5256000,
    "stageTxt": "폐암으로 사망할 확률이 하루 1갑씩 피는 흡연자에 비해 절반으로 감소한다. 구강, 목, 식도에 암이 걸릴 확률 역시 감소한다."
  },
  {
    "stage": "20단계",
    "goal": "15년",
    "min": 7884000,
    "stageTxt": "심혈관계통 질환에 걸릴 위험이 한 번도 담배를 피우지 않은 사람과 비슷해진다."
  }
]
